timestamp,temperature_c,light_raw
2025-02-26 10:03,22.27,998
2025-02-26 10:03,21.78,998
2025-02-26 10:03,19.82,997
2025-02-26 10:04,19.82,997
2025-02-26 10:04,19.34,997
2025-02-26 10:05,19.34,997
2025-02-26 10:05,19.34,997
2025-02-26 10:06,21.29,998
2025-02-26 10:06,18.36,997
2025-02-26 10:07,20.8,997
2025-02-26 10:07,21.78,998
2025-02-26 10:08,21.29,996
2025-02-26 10:08,18.36,997
2025-02-26 10:09,18.36,998
2025-02-26 10:09,17.87,998
2025-02-26 10:10,21.29,997
2025-02-26 10:10,20.8,998
2025-02-26 10:11,20.31,998
2025-02-26 10:11,19.82,998
2025-02-26 10:12,18.85,997
2025-02-26 10:12,19.34,996
2025-02-26 10:13,17.87,996
2025-02-26 10:13,17.87,995
2025-02-26 10:14,18.85,995
2025-02-26 10:14,17.87,994
2025-02-26 10:15,17.87,993
2025-02-26 10:15,17.87,993
2025-02-26 10:16,21.29,994
2025-02-26 10:16,18.85,992
2025-02-26 10:17,16.89,994
2025-02-26 10:17,17.38,994
2025-02-26 10:18,19.34,996
2025-02-26 10:18,16.89,996
2025-02-26 10:19,19.34,994
2025-02-26 10:19,19.82,996
2025-02-26 10:20,17.38,996
2025-02-26 10:20,20.8,996
2025-02-26 10:21,17.87,996
2025-02-26 10:21,19.34,997
2025-02-26 10:22,20.31,997
2025-02-26 10:22,18.85,996
2025-02-26 10:23,19.82,998
2025-02-26 10:23,17.38,998
2025-02-26 10:24,17.38,998
2025-02-26 10:24,17.87,1000
2025-02-26 10:25,20.31,1002
2025-02-26 10:25,20.31,1003
2025-02-26 10:26,20.8,1003
2025-02-26 10:26,20.8,1006
2025-02-26 10:27,19.82,1009
2025-02-26 10:27,20.8,1008
2025-02-26 10:28,21.78,1005
2025-02-26 10:28,18.85,1005
2025-02-26 10:29,19.34,1011
2025-02-26 10:29,21.78,1008
2025-02-26 10:30,18.85,1009
2025-02-26 10:30,19.82,1006
2025-02-26 10:31,21.29,1006
2025-02-26 10:31,22.27,1010
2025-02-26 10:32,21.78,1005
2025-02-26 10:33,19.34,1006
2025-02-26 10:33,22.27,1004
2025-02-26 10:34,21.29,1004
2025-02-26 10:34,22.27,1003
2025-02-26 10:35,20.8,1001
2025-02-26 10:35,18.85,1001
2025-02-26 10:36,19.82,1000
2025-02-26 10:36,21.29,1000
2025-02-26 10:37,20.31,1000
2025-02-26 10:37,20.8,1002
2025-02-26 10:38,20.8,1002
2025-02-26 10:38,18.36,1003
2025-02-26 10:39,21.78,1007
2025-02-26 10:39,19.82,1007
2025-02-26 10:40,21.78,1010
2025-02-26 10:40,19.82,1007
2025-02-26 10:41,21.78,1004
2025-02-26 10:41,19.82,1003
2025-02-26 10:42,22.27,1005
2025-02-26 10:42,20.31,1005
2025-02-26 10:43,22.75,1004
2025-02-26 10:43,21.29,1004
2025-02-26 10:44,21.78,1003
2025-02-26 10:44,21.29,1003
2025-02-26 10:45,21.78,1003
2025-02-26 10:45,19.82,1003
2025-02-26 10:46,22.27,999
2025-02-26 10:46,18.36,1001
2025-02-26 10:47,21.29,1001
2025-02-26 10:47,21.29,1003
2025-02-26 10:48,21.29,1004
2025-02-26 10:48,22.27,1005
2025-02-26 10:49,22.27,1010
2025-02-26 10:49,23.24,1011
2025-02-26 10:50,23.73,1009
2025-02-26 10:50,24.71,1013
2025-02-26 10:51,24.71,1006
2025-02-26 10:51,22.27,1008
2025-02-26 10:52,24.22,1006
2025-02-26 10:52,21.78,1007
2025-02-26 10:53,22.75,1008
2025-02-26 10:53,21.78,1007
2025-02-26 10:54,24.22,1007
2025-02-26 10:54,21.78,1006
2025-02-26 10:55,20.31,1007
2025-02-26 10:55,22.27,1007
2025-02-26 10:56,22.27,1007
2025-02-26 10:56,23.24,1006
2025-02-26 10:57,21.29,1007
2025-02-26 10:57,23.73,1005
2025-02-26 10:58,22.27,1006
2025-02-26 10:58,22.27,1007
2025-02-26 10:59,23.73,1006
2025-02-26 10:59,22.75,1007
2025-02-26 11:00,24.22,1008
2025-02-26 11:00,23.73,1007
2025-02-26 11:01,22.75,1005
2025-02-26 11:01,23.73,1006
2025-02-26 11:02,22.27,1005
2025-02-26 11:02,23.24,1006
2025-02-26 11:03,22.27,1007
2025-02-26 11:03,23.73,1007
2025-02-26 11:04,22.27,1006
